{"cameraMode":{"drawMode":0,"name":"Shaded","section":"Shading Mode"},"sceneLighting":true,"audioPlay":false,"sceneViewState":{"m_AlwaysRefresh":false,"showFog":true,"showSkybox":true,"showFlares":true,"showImageEffects":true,"showParticleSystems":true,"showVisualEffectGraphs":true,"m_FxEnabled":true},"in2DMode":false,"pivot":{"x":11.674493789672852,"y":4.419633865356445,"z":-12.679679870605469},"rotation":{"x":0.2178017795085907,"y":0.37642794847488406,"z":0.09152090549468994,"w":-0.8958343863487244},"size":18.020193099975587,"orthographic":false}